Customer ID,Customer Name,Customer_Segment,Maritial_Status,Gender,DOB,Effective_Start_Dt,Effective_End_Dt,Policy_Type_Id,Policy_Type,Policy_Type_Desc,Policy_Id,Policy_Name,Premium_Amt,Policy_Term,Policy_Start_Dt,Policy_End_Dt,Next_Premium_Dt,Actual_Premium_Paid_Dt,Country,Region,State or Province,City,Postal Code,Total_Policy_Amt,Premium_Amt_Paid_TillDate
522,Mr. aARON Riggs,Small Business,Divorced,Male,2/5/1997,1/1/2008,,19183,Endowment,Pay a lump sum on its maturity or on death.,19183_674,HSB_Endowment_19183,5000,Quarterly,1/1/2010,1/1/2112,4/1/2013,9/1/2013,US,West,Idaho,Rexburg,83440,500000,60000
3388,Mr. Aaron Shaffer,Corporate,Remarried,Male,2/5/1997,1/1/2011,,19186,UnitLinked,Market-linked product that aggregates the very best of investment and insurance,19186_597,HSB_UnitLinked_19186,5000,Quarterly,12/31/2012,12/27/2037,3/31/2016,12/31/2016,U.S.A,West,Colorado,Grand Junction,81503,500000,60000
1315,Mr. Adam Saunders Gray,Home Office,Single,Male,2/5/1993,1/1/2008,,19187,AnnuityPlan,Income stream for retirees,19187_2108,HSB_AnnuityPlan_19187,5000,Quarterly,1/1/2010,12/27/2037,4/1/2013,10/1/2013,United States,West,Washington,Parkland,98444,500000,60000
1155,Mr. Alex Nicholson,Consumer,Divorced,Male,2/5/1997,1/1/2010,,19181,TermLife,Coverage for a certain period of time,19181_1354,HSB_Termclaim_23579,5000,Quarterly,1/1/2012,12/27/2036,4/1/2015,7/1/2015,United States Of America,West,Washington,Tacoma,98408,500000,60000
1234,Mr. Zeelan Shaik,Consumer,Married,Male,2/5/1997,1/31/2013,,19187,AnnuityPlan,Income stream for retirees,19187_2108,HSB_AnnuityPlan_19187,5000,Quarterly,1/1/2011,12/27/2037,4/1/2014,12/1/2014,United States Of America,West,Washington,Parkland,98444,500000,60000
2345,Mrs. Keerthiga Bharathan,Consumer,Married,Male,2/5/1997,1/31/2013,,19187,AnnuityPlan,Income stream for retirees,19187_2108,HSB_AnnuityPlan_19187,5000,Quarterly,1/1/2011,12/27/2037,4/1/2014,12/1/2014,United States Of America,West,Washington,Parkland,98444,500000,60000
