Customer ID,Customer Name,Customer_Segment,Maritial_Status,Gender,DOB,Effective_Start_Dt,Effective_End_Dt,Policy_Type_Id,Policy_Type,Policy_Type_Desc,Policy_Id,Policy_Name,Premium_Amt,Policy_Term,Policy_Start_Dt,Policy_End_Dt,Next_Premium_Dt,Actual_Premium_Paid_Dt,Country,Region,State or Province,City,Postal Code,Total_Policy_Amt,Premium_Amt_Paid_TillDate
1627,Mr. Aaron Day,Corporate,Married,Male,2/14/1997,1/1/2008,,19182,WholeLife,Remain in force for the insured's entire lifetime,19182_697,HSB_WholeLife_22468,60000,Half Yearly,6/29/2011,1/1/2112,6/29/2012,7/19/2012,US,South,North Carolina,Wilmington,28403,400000,120000
1814,Mr. Albert Tyson,Home Office,Divorced,Male,2/5/1997,6/29/2011,,19183,Endowment,Pay a lump sum on its maturity or on death.,19183_674,HSB_Endowment_19183,5000,Quarterly,1/1/2010,1/1/2112,4/1/2013,4/11/2013,U.S,South,Arkansas,Van Buren,72956,500000,60000
2062,Mr. Alfred Singh,Corporate,Remarried,Male,12/7/1997,1/1/2008,,19186,UnitLinked,Market-linked product that aggregates the very best of investment and insurance,19186_597,HSB_UnitLinked_19186,5000,Quarterly,12/31/2008,12/27/2037,3/31/2012,4/10/2012,United States,South,North Carolina,Charlotte,28206,500000,60000
3320,Mrs. Alicia Maynard,Small Business,Married,Female,2/5/1997,12/31/2008,,19187,AnnuityPlan,Income stream for retirees,19187_2108,HSB_AnnuityPlan_19187,5000,Quarterly,1/1/2010,12/27/2037,4/1/2013,4/11/2013,United States Of America,South,North Carolina,Charlotte,28206,500000,60000
3456,Mr. Sathish Santhanam,Small Business,Married,Female,2/5/1997,1/31/2013,,19187,AnnuityPlan,Income stream for retirees,19187_2108,HSB_AnnuityPlan_19187,5000,Quarterly,1/1/2010,12/27/2037,4/1/2013,4/11/2013,United States Of America,South,North Carolina,Charlotte,28206,500000,60000
